,stockPrice
0,10.143204
1,22.133884
2,14.24381
3,17.32343
4,11.937175
5,11.587871
6,11.062555
7,25.552504
8,19.477089
9,11.814386
10,20.622356
11,18.555012
12,11.916108
13,14.479104
14,12.946901
15,19.934296
16,21.48511
17,21.876982
18,10.9469185
19,13.981319
20,11.511591
21,25.26801
22,12.433599
23,16.129286
24,12.5391445
25,13.022649
26,11.981921
27,16.800241
28,10.653519
29,17.706287
30,10.483639
31,17.438745
32,12.166939
33,17.714815
34,17.282894
35,17.299248
36,14.818138
37,16.986942
38,11.248369
39,22.37564
40,14.633665
41,14.633706
42,15.593851
43,13.148041
44,11.857427
45,12.884102
46,11.590346
47,16.201622
48,11.575924
49,12.22394
50,11.591351
51,15.621827
52,17.653084
53,13.070203
54,25.695211
55,10.408565
56,12.164556
57,26.628145
58,11.6118555
59,15.624312
60,10.348657
61,17.33107
62,17.320652
63,15.56383
64,18.968752
65,11.008809
66,18.983572
67,18.511278
68,10.366072
69,23.602951
70,21.739344
71,12.818613
72,17.439823
73,17.877596
74,11.643595
75,22.795303
76,15.302651
77,15.144184
78,16.944191
79,11.237493
80,25.779398
81,11.0812025
82,15.405885
83,16.652018
84,12.988094
85,16.723135
86,26.552593
87,12.958767
88,25.497414
89,19.184057
90,15.938578
91,22.149387
92,27.969406
93,15.116505
94,13.709815
95,15.736318
96,16.92299
97,11.555226
98,16.226824
99,11.813285
100,22.16273
101,19.117771
102,13.012764
103,20.70964
104,13.208689
105,17.996641
106,21.837341
107,11.982123
108,18.383436
109,17.852844
110,12.374147
111,18.238104
112,11.58713
113,11.201408
114,10.525843
115,19.141851
116,15.868591
117,20.219553
118,14.731097
119,20.948618
120,15.942642
121,22.158737
122,15.69553
123,16.735289
124,15.18437
125,17.88365
126,10.440687
127,12.2713
128,10.8667
129,12.22398
130,11.015768
131,17.138126
132,12.155901
133,25.856277
134,13.256272
135,10.198515
136,10.539675
137,18.666857
138,11.794195
139,22.009214
140,18.736649
141,15.571435
142,11.788004
143,19.063435
144,12.4286995
145,19.611412
146,12.446182
147,16.470308
148,15.574719
149,16.702467
150,14.655075
151,22.163715
152,17.124964
153,18.670168
154,18.636312
155,22.409286
156,19.276217
157,22.32843
158,13.175062
159,11.675034
160,12.232499
161,14.686163
162,15.039778
163,19.144997
164,19.003765
165,12.820922
166,12.430974
167,13.312378
168,19.05952
169,17.643715
170,16.343767
171,20.949045
172,11.144743
173,20.661856
174,25.271917
175,20.237537
176,14.600096
177,18.463232
178,20.110552
179,16.524752
180,26.289526
181,11.205884
182,12.555325
183,17.16956
184,12.565375
185,18.520306
186,11.319078
187,12.123559
188,21.41381
189,10.331257
190,14.343019
191,22.35282
192,11.612495
193,15.538272
194,11.888752
195,18.716633
196,18.472443
197,21.778206
198,17.503948
199,10.320355
200,12.180284
201,12.438798
202,15.920787
203,15.2384815
204,20.033321
205,21.300114
206,23.158161
207,17.019299
208,18.461906
209,21.983332
210,27.34061
211,12.235867
212,11.765873
213,18.433157
214,16.753416
215,12.32296
216,11.455238
217,19.8508
218,14.027218
219,11.728758
220,12.055997
221,18.599031
222,22.418634
223,15.528771
224,14.408018
225,11.910569
226,17.61008
227,14.965673
228,10.572137
229,22.33059
230,11.946315
231,11.081795
232,18.6686
233,15.991106
234,17.195433
235,16.131561
236,10.708729
237,15.562194
238,17.423073
239,17.184134
240,18.502728
241,22.129595
242,20.710928
243,25.670292
244,21.703314
245,12.048491
246,16.776222
247,10.268765
248,22.23364
249,15.716505
250,11.779077
251,11.529174
252,25.273926
253,21.744534
254,17.270187
255,18.045744
256,10.694473
257,20.61779
258,11.844179
259,11.456044
260,19.005636
261,21.530718
262,17.80237
263,22.100136
264,10.246481
265,15.94453
266,14.736779
267,20.640472
268,11.919434
269,21.990534
270,14.615254
271,13.10352
272,13.067049
273,12.18863
274,12.551432
275,16.50913
276,21.670084
277,10.887862
278,10.181799
279,15.0404415
280,21.776623
281,18.716557
282,15.870592
283,11.837062
284,13.343035
285,11.697554
286,13.161716
287,15.07536
288,16.201979
289,20.744783
290,11.19476
291,14.257528
292,12.073261
293,18.420547
294,15.177092
295,11.103293
296,20.333067
297,21.770342
298,10.16842
299,20.681307
300,11.553429
301,13.57562
302,25.264282
303,19.746567
304,22.159773
305,22.380142
306,18.616978
307,11.872164
308,10.667059
309,14.570356
310,12.91693
311,26.136658
312,11.911207
313,17.069424
314,12.935723
315,22.208603
316,17.769934
317,11.364207
318,21.886484
319,23.69998
320,22.287823
321,22.299479
322,15.028117
323,20.156252
324,17.741095
325,10.2747755
326,10.772139
327,22.168634
328,20.042267
329,16.051867
330,21.346798
331,16.16924
332,11.114664
333,13.163078
334,11.336112
335,18.992977
336,15.529635
337,10.617888
338,16.76614
339,18.3627
340,21.628435
341,18.041714
342,11.011789
343,11.909798
344,15.093055
345,13.460824
346,13.060834
347,15.569634
348,17.244678
349,19.199821
350,21.86035
351,17.773035
352,11.168394
353,19.124397
354,10.671033
355,12.988227
356,16.796476
357,11.389961
358,20.293472
359,10.551995
360,20.412615
361,11.157552
362,13.113642
363,25.877628
364,15.456282
365,17.143633
366,20.254438
367,12.037058
368,11.247675
369,22.218315
370,13.118164
371,21.615479
372,23.906672
373,16.71545
374,16.967434
375,16.022718
376,20.28457
377,21.837019
378,21.851381
379,16.822386
380,21.736237
381,14.4572315
382,19.084053
383,14.651309
384,15.73267
385,19.829681
386,13.029474
387,20.924782
388,18.566736
389,11.914666
390,22.168617
391,21.902493
392,19.268988
393,20.196947
394,9.961018
395,17.994635
396,16.930805
397,11.227259
398,19.157959
399,17.790905
400,19.661745
401,16.498093
402,22.017326
403,20.061686
404,10.234028
405,16.028505
406,17.196438
407,11.878884
408,10.560358
409,11.092211
410,11.916457
411,16.993908
412,19.043495
413,15.554997
414,17.26419
415,21.4045
416,14.54037
417,21.840155
418,22.513544
419,12.471814
420,20.278141
421,13.14816
422,26.261034
423,24.079466
424,20.737326
425,17.16295
426,10.439942
427,15.881412
428,10.692644
429,14.445706
430,18.257988
431,20.071384
432,13.004528
433,15.72226
434,11.760018
435,15.882445
436,11.538504
437,18.264824
438,12.9621
439,13.5037565
440,14.755973
441,12.958566
442,10.47503
443,18.6403
444,14.535417
445,22.196363
446,27.839155
447,15.502834
448,11.971946
449,23.971771
450,11.754918
451,18.978508
452,17.699982
453,10.329307
454,21.679747
455,18.711668
456,11.333081
457,19.288345
458,22.025148
459,13.240302
460,16.206541
461,20.656237
462,22.159958
463,13.131755
464,21.676382
465,10.473015
466,12.168549
467,17.055412
468,25.263418
469,11.235005
470,22.162838
471,23.677086
472,17.424095
473,12.016985
474,16.223188
475,18.990854
476,12.226415
477,22.304832
478,15.657397
479,11.3750925
480,17.910612
481,10.173949
482,17.27811
483,18.208828
484,19.655733
485,15.419932
486,11.461891
487,21.264431
488,14.709544
489,13.365352
490,11.902856
491,11.699711
492,9.870627
493,13.1252775
494,20.138176
495,12.54239
496,15.552934
497,13.43316
498,14.232612
499,21.0541
500,14.73227
501,11.44077
502,12.94773
503,18.97263
504,15.943335
505,10.464798
506,12.064637
507,17.762653
508,13.076048
509,17.378311
510,11.689216
511,13.982371
512,12.548822
513,15.535345
514,14.541907
515,21.028406
516,21.977226
517,11.763363
518,20.243372
519,15.872515
520,10.474923
521,11.469845
522,17.68763
523,10.72067
524,17.133251
525,17.004976
526,14.821826
527,17.746223
528,12.320982
529,20.659296
530,11.936259
531,15.870648
532,11.462912
533,11.927095
534,21.887486
535,21.524345
536,11.172016
537,15.827278
538,10.317336
539,18.759468
540,17.885363
541,12.989135
542,18.8962
543,20.727896
544,19.346594
545,10.243592
546,21.038773
547,11.665659
548,12.26748
549,11.221729
550,15.588983
551,17.141027
552,16.728352
553,12.035134
554,21.860926
555,17.994043
556,17.52363
557,18.551783
558,15.249463
559,10.87131
560,19.548006
561,11.315037
562,26.248873
563,16.896248
564,10.685632
565,10.789475
566,11.837329
567,14.69554
568,17.162506
569,20.891266
570,20.752235
571,17.430569
572,15.326919
573,16.216719
574,16.548353
575,16.983639
576,21.807821
577,17.229284
578,13.02378
579,10.377504
580,10.665083
581,17.34063
582,14.854338
583,10.285894
584,15.488457
585,10.394144
586,19.76384
587,12.4328
588,10.46407
589,15.016429
590,12.818707
591,11.601093
592,17.176888
593,13.013938
594,17.224787
595,15.609945
596,11.449834
597,17.32984
598,15.533645
599,22.68501
600,25.564611
601,21.441044
602,17.612822
603,22.163122
604,11.858185
605,13.502819
606,12.918441
607,15.836853
608,14.67295
609,11.215154
610,13.161149
611,20.125181
612,18.617373
613,17.285751
614,17.200953
615,21.409403
616,19.021532
617,21.925392
618,13.045838
619,12.511273
620,10.33673
621,22.127417
622,10.456609
623,12.116193
624,15.594487
625,17.236574
626,12.340254
627,13.642227
628,12.184417
629,11.228292
630,15.404614
631,14.244542
632,20.723114
633,21.084633
634,12.626966
635,15.926949
636,11.3001995
637,11.93077
638,13.220591
639,18.64757
640,14.27888
641,15.802557
642,14.760685
643,18.421633
644,21.755661
645,21.872473
646,21.587626
647,11.261911
648,17.47279
649,20.10163
650,10.590278
651,10.997055
652,11.954718
653,14.929816
654,12.035845
655,15.052752
656,11.90473
657,20.260674
658,18.871841
659,13.103016
660,11.83184
661,21.829073
662,12.529956
663,18.590471
664,13.474928
665,17.604843
666,11.93608
667,19.629059
668,10.271638
669,11.398812
670,22.13849
671,18.423958
672,15.573062
673,21.010015
674,11.821614
675,13.291242
676,21.478525
677,18.728483
678,12.1619625
679,26.112804
680,16.095533
681,18.986654
682,21.685858
683,10.230384
684,27.10575
685,21.797823
686,15.67547
687,21.81968
688,17.050762
689,20.33521
690,17.238869
691,17.174028
692,17.01965
693,11.899628
694,11.494685
695,22.525108
696,20.653927
697,13.039917
698,11.558896
699,12.104868
700,12.890127
701,15.510383
702,17.419691
703,11.645179
704,19.223557
705,20.772518
706,20.526226
707,12.963873
708,10.122666
709,19.155653
710,13.473551
711,21.94465
712,11.51067
713,18.27087
714,21.888163
715,11.128716
716,21.241388
717,20.901394
718,13.358735
719,18.824385
720,12.121082
721,20.33871
722,19.35486
723,18.686024
724,13.240218
725,20.586811
726,17.609148
727,17.352674
728,20.497013
729,27.494648
730,12.160272
731,12.391289
732,17.137028
733,19.015556
734,13.410169
735,23.9445
736,17.359991
737,20.16267
738,14.350094
739,10.862042
740,11.662633
741,12.207911
742,20.177862
743,27.163513
744,18.34586
745,17.263113
746,17.754759
747,25.255451
748,19.106388
749,13.333884
750,20.281965
751,22.118774
752,28.492987
753,21.917284
754,10.826298
755,15.72528
756,15.855001
757,22.348206
758,14.150197
759,16.010393
760,16.036566
761,21.927427
762,14.695691
763,11.278549
764,18.459349
765,16.0752
766,27.886362
767,11.8899975
768,14.459517
769,12.182717
770,17.061367
771,16.177671
772,17.773594
773,11.810922
774,11.867301
775,17.184633
776,11.915801
777,11.27295
778,11.280926
779,17.548195
780,19.589195
781,10.827593
782,11.980844
783,12.947293
784,15.627923
785,15.639115
786,13.343368
787,15.295122
788,10.237327
789,16.312862
790,17.062191
791,18.897135
792,18.939806
793,21.709167
794,14.623146
795,10.703976
796,18.944689
797,16.92209
798,12.322075
799,14.727533
800,19.032036
801,15.507696
802,21.123877
803,10.4742985
804,11.928518
805,12.125445
806,16.970295
807,27.167871
808,18.30737
809,20.278835
810,15.927776
811,15.233964
812,11.786074
813,17.003521
814,9.92888
815,20.658981
816,17.150469
817,20.091923
818,10.881218
819,22.021378
820,11.590972
821,16.903728
822,16.183922
823,15.547265
824,11.625788
825,10.65902
826,21.556723
827,14.596569
828,16.451445
829,20.630571
830,11.793836
831,22.277317
832,13.64029
833,16.620775
834,26.299149
835,13.618382
836,20.213726
837,17.518677
838,22.149378
839,12.130012
840,22.35276
841,10.3246565
842,11.188844
843,17.854427
844,17.158396
845,15.632922
846,15.498148
847,19.909998
848,14.500568
849,20.273596
850,15.273081
851,18.654371
852,12.136192
853,12.899137
854,14.5859165
855,11.186596
856,14.8926325
857,14.359051
858,14.174774
859,21.74106
860,25.720877
861,17.551092
862,10.166614
863,22.311277
864,11.31057
865,18.972929
866,17.007679
867,12.834506
868,11.348415
869,11.797059
870,20.107622
871,14.609403
872,13.27922
873,19.160069
874,20.824326
875,22.259659
876,16.872625
877,11.571959
878,12.4182205
879,19.048422
880,19.14521
881,12.885092
882,16.136166
883,12.657976
884,12.478336
885,20.2021
886,12.68583
887,16.17999
888,13.224598
889,16.917349
890,18.510687
891,16.670103
892,11.776808
893,11.195718
894,18.74942
895,12.783082
896,16.235151
897,28.184088
898,14.621579
899,21.921186
900,17.556622
901,15.940342
902,18.379755
903,10.330354
904,13.15895
905,19.01781
906,10.595803
907,17.67443
908,16.037672
909,20.65898
910,12.2116585
911,13.209056
912,20.73944
913,11.272972
914,11.914343
915,15.580702
916,21.266653
917,12.312526
918,17.689531
919,12.388365
920,11.57027
921,17.36139
922,20.44674
923,10.382681
924,21.753395
925,19.248343
926,10.575033
927,10.146381
928,10.524032
929,19.186079
930,10.172229
931,15.920985
932,21.353203
933,11.812504
934,17.785875
935,17.16683
936,14.590993
937,28.193024
938,18.603624
939,17.322807
940,15.96075
941,17.880116
942,10.153473
943,13.08829
944,10.968865
945,13.763715
946,21.868645
947,10.320113
948,13.308413
949,25.275335
950,14.92315
951,11.956998
952,21.883284
953,21.798332
954,21.015099
955,12.58503
956,20.363012
957,19.788008
958,22.522203
959,25.851786
960,20.50183
961,19.458664
962,10.272647
963,10.773369
964,14.834677
965,18.863577
966,20.263872
967,18.402485
968,16.283714
969,12.187252
970,15.622011
971,16.829878
972,11.202085
973,11.967084
974,25.758919
975,17.00923
976,11.764108
977,11.482704
978,15.630194
979,16.007605
980,15.909095
981,11.35836
982,18.59736
983,10.676285
984,17.2769
985,22.150448
986,10.24164
987,17.147017
988,10.4713545
989,21.93743
990,17.154442
991,15.855436
992,15.311573
993,13.324619
994,11.963489
995,10.25413
996,22.516516
997,13.162613
998,10.319458
999,12.180301
1000,17.884346
1001,18.425863
1002,12.984383
1003,12.245937
1004,22.166979
1005,11.5587015
1006,10.193836
1007,12.238655
1008,22.192684
1009,19.771387
1010,11.343605
1011,12.382908
1012,21.458065
1013,21.985592
1014,15.186496
1015,21.76797
1016,12.236863
1017,12.028593
1018,15.925441
1019,16.063038
1020,11.858425
1021,14.617919
1022,15.74301
1023,11.523165
1024,27.283627
1025,16.14549
1026,17.867062
1027,19.74648
1028,19.812628
1029,11.899262
1030,13.079018
1031,12.321141
1032,12.741619
1033,16.289839
1034,12.178743
1035,18.83059
1036,10.484613
1037,13.086551
1038,13.135675
1039,16.181097
1040,10.751601
1041,15.597776
1042,10.308908
1043,12.971332
1044,20.453651
1045,11.118912
1046,17.421076
1047,10.181119
1048,21.81058
1049,11.114997
1050,12.679183
1051,25.639555
1052,17.087646
1053,12.036717
1054,17.732733
1055,11.884026
1056,17.696894
1057,12.001716
1058,14.749663
1059,11.566825
1060,16.349771
1061,19.307217
1062,13.460771
1063,21.894665
1064,10.215061
1065,20.19924
1066,19.770275
1067,21.332949
1068,20.490896
1069,20.58961
1070,15.801613
1071,11.653477
1072,13.150944
1073,10.488474
1074,13.838897
1075,15.660959
1076,18.82744
1077,20.145803
1078,14.97773
1079,21.98175
1080,19.094639
1081,17.453096
1082,11.339676
1083,10.708264
1084,11.807365
1085,15.232317
1086,12.06219
1087,22.52171
1088,18.655882
1089,12.510749
1090,18.764843
1091,15.380995
1092,23.388071
1093,13.19465
1094,14.460154
1095,20.138584
1096,11.939568
1097,17.701086
1098,10.800263
1099,14.579957
1100,13.083159
1101,16.028885
1102,17.415522
1103,19.973787
1104,18.568493
1105,19.223158
1106,11.699671
1107,13.336894
1108,11.89841
1109,18.675636
1110,10.581891
1111,11.407377
1112,18.539703
1113,20.74136
1114,10.355723
1115,15.078859
1116,17.81008
1117,22.137196
1118,15.667801
1119,21.076017
1120,18.709661
1121,22.336191
1122,12.403183
1123,12.087488
1124,13.516752
1125,17.228746
1126,28.507456
1127,20.713129
1128,25.308523
1129,18.382584
1130,17.995144
1131,14.744233
1132,21.71553
1133,11.398221
1134,10.564539
1135,12.208401
1136,15.908773
1137,17.330011
1138,17.349741
1139,13.606627
1140,11.841186
1141,16.22379
1142,22.25972
1143,16.881962
1144,11.556576
1145,21.960428
1146,12.1638365
1147,15.978199
1148,12.2820635
1149,14.621162
1150,11.695386
1151,20.97482
1152,17.658112
1153,12.10756
1154,20.92335
1155,15.511332
1156,18.004074
1157,11.801371
1158,25.703646
1159,19.271496
1160,17.5458
1161,14.993454
1162,17.165632
1163,17.317043
1164,17.171402
1165,20.931091
1166,14.7014475
1167,12.165049
1168,12.112947
1169,12.040518
1170,20.289902
1171,11.595708
1172,15.577106
1173,19.184725
1174,27.213223
1175,22.01915
1176,12.230073
1177,11.661184
1178,12.181601
1179,17.39652
1180,11.225467
1181,11.350535
1182,22.54375
1183,11.2325115
1184,15.941724
1185,17.689949
1186,12.113425
1187,17.16564
1188,17.152824
1189,13.334811
1190,22.499641
1191,21.6349
1192,18.2593
1193,16.02873
1194,11.519605
1195,17.439827
1196,20.759878
1197,25.75057
1198,17.69341
1199,17.750023
1200,11.436441
1201,16.07389
1202,27.484886
1203,19.22454
1204,15.582648
1205,14.10834
1206,20.413256
1207,11.791901
1208,13.376456
1209,12.306504
1210,20.897804
1211,17.857092
1212,21.34494
1213,10.181381
1214,17.158688
1215,16.991106
1216,15.890711
1217,18.624155
1218,11.949731
1219,17.495495
1220,19.220133
1221,15.010224
1222,27.545334
1223,14.691874
1224,15.334482
1225,11.347076
1226,24.077188
1227,11.232361
1228,10.627275
1229,10.387583
1230,14.905155
1231,14.74839
1232,15.345058
1233,12.8275175
1234,12.660149
1235,10.156096
1236,10.484371
1237,12.358467
1238,19.226185
1239,13.253277
1240,16.587353
1241,12.109464
1242,11.543586
1243,17.175447
1244,12.74952
1245,15.898624
1246,17.01037
1247,28.502466
1248,13.140685
1249,17.256397
1250,17.101856
1251,15.848496
1252,14.608287
1253,15.888954
1254,11.733373
1255,17.554928
1256,22.480082
1257,16.111645
1258,20.890877
1259,17.48357
1260,11.624648
1261,11.92252
1262,19.682076
1263,15.505791
1264,15.577593
1265,12.273968
1266,11.58245
1267,11.692988
1268,27.34959
1269,14.849854
1270,14.728646
1271,11.733348
1272,16.39897
1273,22.205416
1274,14.356662
1275,11.983272
1276,11.327868
1277,16.80015
1278,22.551926
1279,16.164648
1280,16.690016
1281,12.017434
1282,13.2080345
1283,21.359524
1284,12.983952
1285,13.118784
1286,20.625757
1287,20.8471
1288,20.706236
1289,20.34735
1290,19.202337
1291,17.555906
1292,11.1146145
1293,21.38132
1294,12.268032
1295,15.004679
1296,15.023392
1297,17.516157
1298,18.651234
1299,14.61313
1300,25.871805
1301,11.761717
1302,19.010437
1303,11.479986
1304,19.210417
1305,12.49159
1306,15.571068
1307,19.551437
1308,20.24884
1309,11.621986
1310,20.6776
1311,22.232222
1312,12.9618845
1313,17.749392
1314,17.366873
1315,20.301146
1316,15.9832325
1317,14.802069
1318,27.920053
1319,11.776477
1320,17.283995
1321,11.911086
1322,13.377915
1323,14.6994
1324,11.470408
1325,17.17765
1326,10.489029
1327,20.32984
1328,10.461858
1329,15.659718
1330,10.481519
1331,10.472467
1332,22.168636
1333,17.683773
1334,16.144007
1335,14.947304
1336,13.0756445
1337,11.462229
1338,23.405176
1339,20.143925
1340,19.216932
1341,12.190634
1342,16.569761
1343,17.521555
1344,12.505477
1345,11.804182
1346,20.176966
1347,18.523623
1348,20.257223
1349,27.196249
1350,21.336317
1351,15.993613
1352,11.229717
1353,11.499209
1354,15.469434
1355,11.280228
1356,21.887827
1357,19.82083
1358,17.534334
1359,20.18916
1360,22.764229
1361,18.799063
1362,18.035278
1363,15.479844
1364,18.603838
1365,18.64714
1366,16.734447
1367,18.393965
1368,13.283215
1369,10.345841
1370,16.481012
1371,17.734488
1372,20.765694
1373,10.7633
1374,14.465249
1375,11.91156
1376,10.845374
1377,25.494806
1378,18.990156
1379,22.504116
1380,18.561993
1381,16.184368
1382,16.20753
1383,21.742123
1384,20.705437
1385,17.62234
1386,10.456821
1387,22.427378
1388,18.913548
1389,16.612537
1390,12.6660595
1391,10.71174
1392,12.466784
1393,17.190706
1394,15.167971
1395,10.834581
1396,18.408506
1397,20.316723
1398,19.381826
1399,14.760147
1400,19.674183
1401,18.588942
1402,10.455281
1403,12.827762
1404,17.228933
1405,13.301421
1406,17.264088
1407,10.581728
1408,22.412872
1409,18.015043
1410,20.627779
1411,14.57943
1412,10.527382
1413,13.190476
1414,10.599722
1415,21.781439
1416,17.449684
1417,27.866257
1418,12.328135
1419,11.78663
1420,20.16079
1421,20.690554
1422,15.19078
1423,17.302473
1424,11.336247
1425,16.038073
1426,15.64782
1427,18.254543
1428,11.895272
1429,21.257128
1430,20.61191
1431,11.675505
1432,10.47046
1433,15.514143
1434,21.272732
1435,17.761885
1436,15.544415
1437,17.5479
1438,19.05093
1439,12.8632765
1440,11.647627
1441,19.823206
1442,11.434664
1443,19.133986
1444,16.032846
1445,17.698864
1446,11.886186
1447,20.259022
1448,10.260976
1449,13.0083885
1450,18.574059
1451,15.617115
1452,19.072338
1453,17.318933
1454,12.6458845
1455,18.41748
1456,19.238966
1457,20.18934
1458,11.792728
1459,18.66769
1460,11.1638975
1461,18.900904
1462,13.205486
1463,17.246399
1464,13.241533
1465,11.269423
1466,11.918157
1467,14.850855
1468,16.600769
1469,10.568286
1470,16.990479
1471,19.282461
1472,11.895226
1473,10.436357
1474,20.211945
1475,17.584665
1476,17.331772
1477,11.570074
1478,20.662453
1479,11.284425
1480,21.440912
1481,19.275713
1482,21.261364
1483,26.058512
1484,12.696752
1485,11.330872
1486,22.811878
1487,14.825869
1488,15.436675
1489,13.225851
1490,21.802158
1491,13.067549
1492,10.759942
1493,17.448465
1494,21.396784
1495,21.787384
1496,15.6772375
1497,17.643974
1498,18.417334
1499,26.135382
1500,11.432647
1501,13.65542
1502,11.508431
1503,17.551722
1504,14.012251
1505,12.17931
1506,16.099329
1507,11.8502445
1508,12.905647
1509,24.120077
1510,10.751194
1511,16.885798
1512,20.483292
1513,16.202337
1514,16.775295
1515,12.989031
1516,19.255827
1517,10.35548
1518,10.159736
1519,11.614144
1520,12.258484
1521,17.867638
1522,14.671221
1523,18.00029
1524,17.659409
1525,10.563657
1526,11.467658
1527,21.978119
1528,13.322422
1529,11.081355
1530,19.803165
1531,16.454079
1532,13.416597
1533,20.441076
1534,21.217669
1535,17.55295
1536,21.737984
1537,10.648463
1538,17.282337
1539,17.474815
1540,20.880287
1541,21.491888
1542,22.03986
1543,16.505825
1544,12.266063
1545,11.907658
1546,14.553253
1547,16.21016
1548,25.260565
1549,22.528532
1550,19.11378
1551,18.034925
1552,26.168854
1553,15.954275
1554,13.587493
1555,18.848806
1556,19.382023
1557,11.394319
1558,18.512632
1559,11.781663
1560,20.640657
1561,22.290707
1562,19.959469
1563,16.276358
1564,11.486795
1565,17.0393
1566,22.269648
1567,12.944175
1568,19.179253
1569,11.698562
1570,17.056215
1571,10.671171
1572,15.954924
1573,16.672012
1574,12.878628
1575,20.544405
1576,17.661041
1577,11.466193
1578,16.421474
1579,21.205812
1580,12.997542
1581,22.297226
1582,17.723562
1583,12.364593
1584,22.144487
1585,14.830044
1586,26.637674
1587,12.374855
1588,10.312577
1589,17.007416
1590,19.201544
1591,18.557364
1592,16.262224
1593,17.227505
1594,15.963254
1595,17.20969
1596,15.970854
1597,11.607329
1598,17.261282
1599,22.20351
1600,11.166241
1601,14.284028
1602,18.999308
1603,13.076438
1604,19.220715
1605,12.256017
1606,17.882545
1607,11.071786
1608,12.12658
1609,24.528017
1610,13.023539
1611,21.595592
1612,14.1863785
1613,21.466145
1614,12.159933
1615,12.66309
1616,14.920086
1617,19.165533
1618,18.554798
1619,10.282106
1620,14.598997
1621,18.952972
1622,20.08505
1623,27.15016
1624,12.207953
1625,10.459096
1626,18.806725
1627,26.292522
1628,21.503918
1629,11.997005
1630,12.149971
1631,18.656918
1632,17.757515
1633,11.6121645
1634,20.970062
1635,17.185131
1636,25.955042
1637,17.532988
1638,21.387238
1639,16.525448
1640,17.192005
1641,22.055468
1642,10.613933
1643,26.301825
1644,19.302698
1645,12.125657
1646,20.743378
1647,10.826534
1648,17.108234
1649,22.31288
1650,21.987024
1651,11.053913
1652,11.6058035
1653,20.344614
1654,11.233071
1655,21.093325
1656,22.164017
1657,17.807053
1658,20.763754
1659,17.99553
1660,25.53649
1661,17.348282
1662,20.62959
1663,14.803925
1664,11.241964
1665,11.811872
1666,15.530447
1667,18.980812
1668,17.253418
1669,19.358988
1670,17.149345
1671,16.894136
1672,15.402661
1673,20.96599
1674,12.843924
1675,13.439476
1676,20.412027
1677,13.350728
1678,19.751734
1679,19.689098
1680,19.573042
1681,11.475824
1682,14.45512
1683,16.020557
1684,10.307263
1685,21.912798
1686,13.120017
1687,19.058367
1688,19.078985
1689,10.440972
1690,17.257265
1691,18.974695
1692,10.808434
1693,14.371994
1694,18.336475
1695,10.870215
1696,12.109642
1697,14.649281
1698,19.161087
1699,19.099962
1700,19.011374
1701,11.544654
1702,20.296972
1703,14.88509
1704,21.508465
1705,13.336584
1706,15.385801
1707,17.696384
1708,11.838039
1709,21.842133
1710,11.929473
1711,11.508189
1712,12.258382
1713,11.868782
1714,17.993574
1715,11.51513
1716,19.19034
1717,19.29978
1718,14.642016
1719,14.591732
1720,11.243662
1721,11.823904
1722,12.2039
1723,18.250982
1724,20.285776
1725,26.565548
1726,11.318057
1727,21.98844
1728,19.068462
1729,11.435317
1730,15.5896845
1731,13.891378
1732,22.555937
1733,10.8125925
1734,10.325932
1735,20.31883
1736,18.500637
1737,20.694918
1738,12.2081175
1739,16.433123
1740,17.321753
1741,17.221481
1742,21.277874
1743,25.708355
1744,17.413504
1745,14.828829
1746,11.278878
1747,10.704319
1748,17.745777
1749,16.477821
1750,10.509987
1751,21.470781
1752,10.453153
1753,18.545
1754,11.799429
1755,14.559813
1756,19.012781
1757,17.186245
1758,10.416792
1759,10.518341
1760,17.762472
1761,26.14877
1762,25.427559
1763,20.045712
1764,19.09275
1765,19.481018
1766,21.871124
1767,17.993692
1768,25.50374
1769,17.047293
1770,12.414914
1771,20.341608
1772,10.52531
1773,20.767534
1774,14.788659
1775,13.3288555
1776,15.624057
1777,17.570925
1778,13.237456
1779,20.798195
1780,15.41394
1781,17.219658
1782,11.27809
1783,12.452299
1784,22.156527
1785,18.575262
1786,12.424226
1787,16.881863
1788,10.496194
1789,12.484214
1790,18.262163
1791,18.681509
1792,20.348404
1793,13.143217
1794,12.748111
1795,15.915997
1796,11.670947
1797,21.01521
1798,16.865852
1799,13.050535
1800,11.131898
1801,17.606232
1802,21.643784
1803,21.650066
1804,11.836717
1805,19.150505
1806,10.293129
1807,10.65954
1808,15.36851
1809,12.300643
1810,19.255846
1811,25.262589
1812,10.650883
1813,20.227232
1814,19.130579
1815,21.02181
1816,11.594003
1817,12.076641
1818,11.203177
1819,10.598273
1820,11.537051
1821,19.82106
1822,11.513021
1823,20.623291
1824,14.567955
1825,20.057968
1826,12.834094
1827,10.637739
1828,22.500097
1829,12.361455
1830,11.917023
1831,10.311368
1832,15.468969
1833,11.582647
1834,12.206081
1835,16.44939
1836,28.19249
1837,11.434162
1838,18.838493
1839,15.407582
1840,25.243086
1841,19.158928
1842,20.727175
1843,14.19355
1844,11.509956
1845,21.487055
1846,16.727997
1847,23.738997
1848,15.868507
1849,20.997025
1850,20.596258
1851,19.617283
1852,11.837357
1853,12.142681
1854,17.05931
1855,11.929822
1856,17.706585
1857,15.064109
1858,10.359146
1859,14.797818
1860,19.914656
1861,23.546318
1862,13.579841
1863,13.306277
1864,11.799428
1865,16.708231
1866,11.693575
1867,10.716205
1868,15.237574
1869,20.6369
1870,16.90007
1871,11.860562
1872,15.409574
1873,19.28676
1874,18.255938
1875,17.101885
1876,24.668545
1877,10.646847
1878,20.992086
1879,16.751822
1880,17.242224
1881,15.864841
1882,13.078248
1883,25.976315
1884,15.688233
1885,23.0882
1886,15.473357
1887,12.03531
1888,20.72812
1889,13.807936
1890,14.364351
1891,17.24659
1892,16.114826
1893,10.136348
1894,15.075185
1895,11.4764595
1896,12.778472
1897,20.706573
1898,22.057085
1899,15.398483
1900,22.01015
1901,20.08857
1902,20.585535
1903,10.411529
1904,22.141075
1905,17.179832
1906,15.16218
1907,14.709491
1908,20.716555
1909,12.015564
1910,20.720634
1911,15.5590725
1912,15.437617
1913,22.283142
1914,17.69577
1915,10.170301
1916,17.416807
1917,14.931663
1918,17.542824
1919,12.418054
1920,17.76184
1921,13.250461
1922,11.260528
1923,20.682999
1924,10.252649
1925,15.558726
1926,20.693836
1927,18.803186
1928,12.474049
1929,18.67272
1930,11.50682
1931,19.019358
1932,20.375088
1933,13.2882185
1934,24.071121
1935,12.868427
1936,12.160915
1937,19.234829
1938,11.933059
1939,15.120532
1940,11.282812
1941,14.529486
1942,15.085229
1943,11.76482
1944,10.741122
1945,21.99878
1946,11.321408
1947,18.920315
1948,22.00056
1949,16.911196
1950,19.10736
1951,10.799552
1952,16.706964
1953,27.334694
1954,10.345938
1955,20.26253
1956,18.587461
1957,12.24527
1958,12.992406
1959,18.718258
1960,18.957903
1961,17.229813
1962,12.164237
1963,17.811752
1964,17.152985
1965,13.204303
1966,13.204303
1967,18.267473
1968,11.124464
1969,10.767295
1970,12.236717
1971,12.106442
1972,16.01994
1973,17.712671
1974,18.966635
1975,19.326273
1976,15.477641
1977,17.168417
1978,12.404183
1979,11.934202
1980,14.360319
1981,24.17413
1982,20.752155
1983,11.874839
1984,10.565094
1985,21.060055
1986,15.690458
1987,12.07581
1988,25.667093
1989,19.129625
1990,15.5141325
1991,11.221776
1992,11.794439
1993,12.90609
1994,10.599648
1995,15.8196125
1996,21.568087
1997,18.578222
1998,21.68172
1999,20.41028
2000,21.961233
2001,17.85254
2002,14.529561
2003,25.702976
2004,18.404943
2005,11.55423
2006,10.145679
2007,10.953555
2008,22.189808
2009,12.196087
2010,20.758131
2011,17.319347
2012,13.019876
2013,12.230129
2014,13.082815
2015,10.316339
2016,15.086826
2017,21.73716
2018,15.060544
2019,11.091991
2020,17.764673
2021,13.905025
2022,13.17198
2023,26.020489
2024,15.8057
2025,14.610844
2026,11.285203
2027,20.150723
2028,15.132542
2029,20.781937
2030,18.385437
2031,21.748594
2032,14.747699
2033,17.745079
2034,16.451548
2035,11.328228
2036,27.93015
2037,19.933859
2038,10.230667
2039,10.434527
2040,21.631645
2041,15.998774
2042,17.37916
2043,22.009773
2044,18.406857
2045,17.280416
2046,22.152802
2047,12.673413
2048,13.031564
2049,18.954014
2050,11.568474
2051,11.867066
2052,15.457279
2053,25.889456
2054,15.319243
2055,11.519201
2056,11.968067
2057,21.895908
2058,13.191607
2059,20.723524
2060,11.828796
2061,13.223626
2062,16.16417
2063,18.25341
2064,12.102053
2065,11.852377
2066,17.275335
2067,10.518798
2068,15.995412
2069,22.164791
2070,17.209038
2071,10.327575
2072,14.337038
2073,15.244154
2074,14.646237
2075,15.720761
2076,21.473862
2077,25.728062
2078,11.291997
2079,11.617201
2080,18.708511
2081,15.570367
2082,10.588829
2083,11.770676
2084,18.825003
2085,20.590757
2086,27.915216
2087,11.900575
2088,10.691474
2089,15.647146
2090,11.920752
2091,20.653801
2092,13.061765
2093,10.73526
2094,15.813096
2095,17.15568
2096,15.10577
2097,15.934572
2098,19.249744
2099,26.273531
2100,19.10273
2101,17.118279
2102,11.845072
2103,22.213703
2104,17.743713
2105,10.653036
2106,21.670534
2107,15.585691
2108,11.572202
2109,13.398537
2110,12.69782
2111,22.145681
2112,23.661386
2113,15.761174
2114,11.68569
2115,21.426418
2116,25.729612
2117,19.171722
2118,17.873137
2119,20.308767
2120,20.293837
2121,10.163053
2122,15.701645
2123,12.11868
2124,19.117565
2125,13.086353
2126,15.850949
2127,12.959515
2128,13.16252
2129,17.266348
2130,10.884405
2131,22.096733
2132,10.770958
2133,18.81662
2134,11.684961
2135,20.60916
2136,18.562849
2137,13.42464
2138,13.230726
2139,28.186647
2140,19.00359
2141,18.759848
2142,14.625302
2143,19.000443
2144,17.880985
2145,15.623397
2146,13.182667
2147,20.859526
2148,13.229004
2149,18.665216
2150,21.048758
2151,17.752256
2152,11.330938
2153,12.328875
2154,10.246519
2155,20.464685
2156,13.189154
2157,12.99851
2158,20.068909
2159,11.578146
2160,17.503277
2161,11.588887
2162,15.280459
2163,10.225568
2164,18.721573
2165,10.334748
2166,11.200343
2167,20.462893
2168,15.899765
2169,22.067093
2170,14.436491
2171,13.762855
2172,17.701067
2173,15.141331
2174,17.159744
2175,15.366978
2176,22.174099
2177,18.721252
2178,18.919115
2179,20.435278
2180,16.519562
2181,25.443941
2182,17.2066
2183,19.055113
2184,20.118708
2185,11.987139
2186,13.157028
2187,11.980888
2188,12.213646
2189,17.77379
2190,14.081549
2191,11.974834
2192,20.65631
2193,12.296228
2194,15.239912
2195,13.532511
2196,15.297328
2197,11.8285475
2198,16.844418
2199,17.422033
2200,12.000553
2201,15.588275
2202,12.398745
2203,11.526135
2204,12.024506
2205,17.130411
2206,11.14254
2207,14.955323
2208,18.575151
2209,13.275017
2210,22.013878
2211,13.243303
2212,14.491191
2213,17.83216
2214,12.029392
2215,11.909851
2216,22.021065
2217,11.797202
2218,10.301704
2219,11.406258
2220,20.757488
2221,17.264616
2222,15.222623
2223,13.212581
2224,13.287416
2225,18.580673
2226,17.071419
2227,12.487358
2228,11.925434
2229,16.98752
2230,10.202948
2231,19.115133
2232,15.347974
2233,19.053858
2234,13.598239
2235,27.143562
2236,13.103402
2237,13.416737
2238,14.661492
2239,25.674232
2240,10.60912
2241,15.412721
2242,12.71946
2243,17.245684
2244,10.668408
2245,13.198029
2246,12.888558
2247,11.813182
2248,17.742096
2249,18.275778
2250,11.162356
2251,11.67683
2252,11.756956
2253,19.658962
2254,22.233511
2255,12.121081
2256,10.569244
2257,11.509149
2258,17.227995
2259,15.212932
2260,16.950726
2261,13.26882
2262,21.99333
2263,19.175764
2264,17.2691
2265,11.823477
2266,11.320533
2267,11.29363
2268,18.422295
2269,26.133823
2270,18.638144
2271,14.593195
2272,17.060738
2273,15.258928
2274,17.142498
2275,13.208645
2276,21.040535
2277,22.253838
2278,19.001768
2279,27.192099
2280,17.283783
2281,20.1246
2282,18.302282
2283,15.418942
2284,11.220081
2285,19.266693
2286,13.326998
2287,17.774252
2288,16.518522
2289,28.526726
2290,13.488742
2291,12.930651
2292,21.731146
2293,22.161644
2294,22.12158
2295,11.909508
2296,17.259125
2297,15.55568
2298,16.173738
2299,12.959147
2300,12.43835
2301,18.282299
2302,16.476337
2303,12.156143
2304,15.756533
2305,20.313023
2306,15.320934
2307,13.210445
2308,21.46304
2309,17.412882
2310,11.623283
2311,13.282837
2312,10.546364
2313,14.601466
2314,17.074919
2315,27.917316
2316,11.315597
2317,16.844465
2318,15.193376
2319,11.349847
2320,17.091108
2321,16.076252
2322,13.367553
2323,20.537085
2324,16.087994
2325,17.838524
2326,19.837957
2327,19.2973
2328,25.435026
2329,26.103817
2330,11.555821
2331,24.648914
2332,15.537532
2333,10.587986
2334,19.759483
2335,18.654274
2336,22.124386
2337,12.990541
2338,12.050711
2339,13.27246
2340,17.2471
2341,18.808947
2342,19.023092
2343,12.078312
2344,10.134
2345,10.726098
2346,21.035326
2347,27.39349
2348,12.178935
2349,21.829903
2350,16.95217
2351,15.284536
2352,13.107672
2353,12.215182
2354,20.727095
2355,11.597336
2356,11.476991
2357,17.210112
2358,15.650324
2359,19.768372
2360,11.836348
2361,12.958791
2362,21.757093
2363,20.385101
2364,14.554665
2365,19.83814
2366,10.611945
2367,22.204689
2368,18.014431
2369,16.080458
2370,11.959228
2371,25.392677
2372,21.645397
2373,11.403025
2374,15.795669
2375,17.78768
2376,15.027269
2377,15.387633
2378,17.117876
2379,20.828846
2380,11.922431
2381,16.313124
2382,16.354317
2383,14.218117
2384,11.758958
2385,13.064167
2386,22.201118
2387,15.17665
2388,11.333081
2389,18.90752
2390,16.054867
2391,21.907034
2392,17.595764
2393,27.2543
2394,12.468743
2395,19.067488
2396,10.528708
2397,15.559426
2398,14.910171
2399,11.164809
2400,13.611964
2401,19.298702
2402,14.4386425
2403,20.642338
2404,21.898571
2405,17.165369
2406,26.983313
2407,23.406204
2408,19.283117
2409,13.414308
2410,15.42345
2411,21.813183
2412,10.797091
2413,16.388588
2414,21.980282
2415,12.180701
2416,12.93837
2417,19.437185
2418,12.384898
2419,12.453772
2420,19.940857
2421,15.577648
2422,12.640269
2423,17.438955
2424,19.023407
2425,22.554169
2426,11.543861
2427,22.44312
2428,25.707998
2429,13.131009
2430,19.73549
2431,13.396741
2432,13.436527
2433,15.997581
2434,20.651943
2435,18.879932
2436,22.512783
2437,12.017071
2438,18.869865
2439,14.95035
2440,14.684724
2441,11.064132
2442,13.218938
2443,11.253692
2444,15.450481
2445,15.690568
2446,10.468645
2447,12.132109
2448,19.093353
2449,12.38921
2450,16.378813
2451,13.147646
2452,19.02289
2453,14.837474
2454,10.615944
2455,21.777857
2456,16.268137
2457,20.379948
2458,10.475921
2459,17.196892
2460,15.87972
2461,12.897334
2462,15.571492
2463,11.020244
2464,20.768322
2465,11.727527
2466,16.775408
2467,12.961034
2468,20.286188
2469,22.533371
2470,20.501173
2471,17.771172
2472,20.660597
2473,17.617231
2474,15.595573
2475,19.109241
2476,21.746166
2477,15.786557
2478,12.883154
2479,12.934421
2480,17.535868
2481,27.521318
2482,15.521787
2483,19.251352
2484,16.798698
2485,15.644897
2486,13.357439
2487,11.226258
2488,22.720932
2489,14.673706
2490,15.999413
2491,21.9646
2492,27.31112
2493,13.049791
2494,17.153208
2495,23.916212
2496,23.554089
2497,21.894537
2498,12.113331
2499,11.963641
2500,19.532057
2501,17.481972
2502,15.702179
2503,12.37459
2504,17.757334
2505,14.038919
2506,21.583225
2507,18.518036
2508,12.010295
2509,19.141169
2510,10.157792
2511,20.193836
2512,22.259815
2513,13.575555
2514,11.946733
2515,25.86828
2516,11.572538
2517,11.9360285
2518,12.176301
2519,12.05098
2520,22.540436
2521,12.071875
2522,18.598452
2523,17.6732
2524,14.408959
2525,16.068644
2526,10.341031
2527,14.506544
2528,10.31678
2529,13.068042
2530,11.5429
2531,11.118136
2532,14.235431
2533,27.362425
2534,21.880222
2535,11.695227
2536,26.287025
2537,18.82261
2538,20.961555
2539,17.873339
2540,10.811199
2541,23.194096
2542,18.518236
2543,17.53536
2544,18.997103
2545,20.417524
2546,16.857374
2547,17.327253
2548,11.762765
2549,15.582172
2550,12.232585
2551,11.343019
2552,10.301366
2553,16.697348
2554,11.558848
2555,11.659965
2556,21.817364
2557,15.973166
2558,19.266747
2559,14.807733
2560,22.705605
2561,10.457972
2562,23.164719
2563,21.339169
2564,11.596651
2565,20.308098
2566,10.341592
2567,10.824586
2568,11.84584
2569,16.03422
2570,20.314314
2571,25.257994
2572,16.976805
2573,11.330639
2574,11.923058
2575,10.25817
2576,14.659258
2577,25.709702
2578,22.221628
2579,19.386366
2580,11.855705
2581,14.616911
2582,19.620869
2583,11.492457
2584,21.662754
2585,17.654806
2586,22.12907
2587,17.059156
2588,22.125683
2589,16.068258
2590,17.434803
2591,19.414839
2592,18.56172
2593,10.823483
2594,11.789774
2595,22.239315
2596,17.50664
2597,15.21561
2598,11.889111
2599,20.78047
2600,11.225924
2601,11.448567
2602,13.153904
2603,10.654195
2604,21.826761
2605,21.738993
2606,21.836945
2607,16.408995
2608,10.122323
2609,21.713614
2610,17.506884
2611,12.350002
2612,17.546286
2613,13.191671
2614,14.869916
2615,23.578585
2616,21.96489
2617,13.067445
2618,18.561571
2619,15.990834
2620,13.214952
2621,12.851408
2622,11.701091
2623,13.561181
2624,16.549269
2625,15.416455
2626,20.763384
2627,15.533006
2628,12.178588
2629,15.012135
2630,15.308734
2631,16.90337
2632,24.155874
2633,10.234397
2634,10.141895
2635,11.920595
2636,19.48723
2637,19.89282
2638,15.642112
2639,11.6115
2640,17.760712
2641,21.83504
2642,13.195484
2643,11.60997
2644,14.311122
2645,16.49436
2646,18.774427
2647,19.250946
2648,17.464693
2649,10.23599
2650,25.744493
2651,17.059822
2652,16.48352
2653,14.714309
2654,21.997673
2655,12.88803
2656,15.253423
2657,11.241142
2658,17.614468
2659,16.858564
2660,17.0722
2661,13.304375
2662,15.95889
2663,15.911436
2664,14.78912
2665,20.472677
2666,20.306753
2667,15.26394
2668,19.193579
2669,10.37268
2670,16.972738
2671,17.186428
2672,20.443783
2673,11.592353
2674,11.898785
2675,14.932597
2676,19.404213
2677,17.403378
2678,21.951345
2679,21.710146
2680,13.044717
2681,10.455946
2682,12.176101
2683,11.932327
2684,12.376152
2685,19.475897
2686,13.061681
2687,19.858135
2688,11.265034
2689,19.587963
2690,13.358558
2691,14.198204
2692,10.505162
2693,11.643748
2694,11.851044
2695,26.575768
2696,20.356562
2697,22.69579
2698,12.255229
2699,17.464678
2700,26.17255
2701,11.919037
2702,17.55168
2703,13.244409
2704,12.7655325
2705,13.19316
2706,21.249912
2707,13.9701805
2708,17.7877
2709,12.187111
2710,26.153852
2711,11.09785
2712,17.284853
2713,15.105137
2714,20.000864
2715,25.690844
2716,14.921721
2717,14.754218
2718,10.053473
2719,14.597724
2720,10.245349
2721,11.589802
2722,25.273014
2723,22.366016
2724,17.76584
2725,23.604616
2726,19.329842
2727,10.569822
2728,15.481189
2729,15.60707
2730,11.679975
2731,13.102186
2732,20.264538
2733,21.9139
2734,13.017832
2735,10.213251
2736,15.489342
2737,14.709775
2738,11.552473
2739,11.934064
2740,15.857002
2741,15.807372
2742,10.786364
2743,10.261981
2744,20.158808
2745,20.05179
2746,20.38518
2747,10.587205
2748,17.211517
2749,13.172111
2750,14.854581
2751,12.640521
2752,22.748716
2753,19.302057
2754,19.281454
2755,12.657301
2756,21.929928
2757,17.774548
2758,24.426188
2759,13.38217
2760,10.5407095
2761,17.750795
2762,10.491254
2763,22.244137
2764,11.227424
2765,21.760239
2766,13.260433
2767,12.463007
2768,19.393642
2769,22.036705
2770,20.769297
2771,12.529525
2772,19.874264
2773,25.26148
2774,13.342194
2775,20.503132
2776,20.446657
2777,15.535539
2778,10.673672
2779,25.888577
2780,21.834377
2781,15.719099
2782,17.103226
2783,22.46474
2784,10.572264
2785,12.96557
2786,15.582108
2787,12.164941
2788,10.235995
2789,25.983908
2790,11.917556
2791,16.017998
2792,18.492329
2793,16.17588
2794,11.918498
2795,12.560308
2796,19.210869
2797,18.832293
2798,21.835756
2799,14.068463
2800,20.892578
2801,17.628798
2802,13.311162
2803,19.938736
2804,17.769377
2805,20.029156
2806,21.032555
2807,14.404811
2808,16.736343
2809,15.792661
2810,21.795235
2811,23.102861
2812,18.272556
2813,18.411924
2814,12.00535
2815,20.628736
2816,17.519222
2817,17.180836
2818,17.17634
2819,15.445234
2820,13.378367
2821,10.785655
2822,15.303658
2823,19.278273
2824,15.810496
2825,10.325658
2826,20.1198
2827,20.108557
2828,21.9313
2829,17.235863
2830,14.392174
2831,11.439352
2832,13.215756
2833,19.023624
2834,15.565627
2835,19.179155
2836,16.002598
2837,14.415812
2838,11.843386
2839,12.250772
2840,17.271029
2841,11.633954
2842,15.357216
2843,19.074081
2844,16.054714
2845,18.84169
2846,17.511372
2847,19.882748
2848,12.907442
2849,15.616616
2850,21.047667
2851,18.542912
2852,19.732779
2853,11.232607
2854,16.48792
2855,17.344938
2856,12.17885
2857,11.944319
2858,12.213927
2859,14.597404
2860,11.531506
2861,19.083456
2862,10.304993
2863,12.212674
2864,15.183461
2865,10.483613
2866,17.731134
2867,16.177248
2868,13.064431
2869,11.322296
2870,11.492703
2871,15.609825
2872,11.149436
2873,15.096642
2874,11.010664
2875,15.921639
2876,18.890837
2877,21.510422
2878,17.102013
2879,10.8897085
2880,21.977816
2881,17.479698
2882,10.583576
2883,18.750414
2884,15.459298
2885,10.204321
2886,9.977893
2887,15.82841
2888,11.49035
2889,14.529401
2890,12.0921755
2891,15.020848
2892,17.237791
2893,10.266371
2894,16.49497
2895,18.605844
2896,15.913613
2897,15.258536
2898,21.57883
2899,16.386316
2900,17.184801
2901,16.870241
2902,12.856173
2903,22.883263
2904,17.548994
2905,17.165144
2906,19.475153
2907,21.863293
2908,26.294886
2909,14.544404
2910,13.083795
2911,14.682685
2912,11.825203
2913,15.479671
2914,13.07715
2915,19.924988
2916,21.793598
2917,14.710384
2918,19.743608
2919,17.441921
2920,19.778759
2921,17.060823
2922,11.534118
2923,12.186909
2924,18.632576
2925,14.860456
2926,16.754883
2927,13.157282
2928,12.014707
2929,25.7604
2930,21.776585
2931,11.230807
2932,23.70716
2933,17.272524
2934,10.7028675
2935,16.217001
2936,11.287873
2937,22.313625
2938,15.82015
2939,21.91927
2940,15.474981
2941,18.420925
2942,16.12318
2943,13.232702
2944,17.319483
2945,11.426283
2946,16.477541
2947,22.52253
2948,16.442896
2949,12.230296
2950,10.165798
2951,17.511686
2952,12.563082
2953,14.428332
2954,18.683716
2955,17.267422
2956,16.967073
2957,18.102812
2958,15.018197
2959,11.252331
2960,15.00158
2961,10.603495
2962,11.44421
2963,11.552763
2964,26.100216
2965,25.699
2966,19.57941
2967,21.863379
2968,9.980775
2969,21.014826
2970,14.706043
2971,20.720993
2972,23.434446
2973,12.912378
2974,16.760836
2975,22.177362
2976,26.371225
2977,11.607652
2978,15.623292
2979,17.276926
2980,22.372473
2981,19.666544
2982,15.176593
2983,10.289807
2984,18.263168
2985,20.138063
2986,16.844208
2987,14.709202
2988,11.8484745
2989,11.67369
2990,11.466291
2991,11.951818
2992,16.989895
2993,20.566126
2994,12.718494
2995,11.901386
2996,17.772633
2997,16.665794
2998,17.575583
2999,13.60232
3000,17.431793
3001,17.12765
3002,17.816147
3003,11.38129
3004,11.469703
3005,24.62002
3006,15.203751
3007,12.280911
3008,11.665905
3009,19.771675
3010,13.08857
3011,20.22451
3012,18.609077
3013,20.671265
3014,10.578555
3015,21.749165
3016,14.253968
3017,11.831471
3018,16.055231
3019,11.6846
3020,21.84305
3021,10.178937
3022,22.471924
3023,15.995906
3024,12.031986
3025,16.531364
3026,17.843075
3027,27.36297
3028,9.966463
3029,13.122313
3030,18.373947
3031,16.658152
3032,15.17671
3033,16.216572
3034,27.869688
3035,11.168464
3036,20.800785
3037,13.163304
3038,14.501157
3039,12.827707
3040,20.235588
3041,11.483577
3042,19.206373
3043,22.692287
3044,15.970336
3045,19.288158
3046,12.018712
3047,21.51763
3048,17.483444
3049,11.433987
3050,18.153383
3051,10.296984
3052,12.173362
3053,19.25923
3054,10.319
3055,11.427504
3056,13.181811
3057,13.183734
3058,17.57724
3059,12.575234
3060,21.074072
3061,15.683811
3062,20.045557
3063,13.274392
3064,17.283432
3065,14.376689
3066,15.885728
3067,11.49001
3068,18.830494
3069,18.504269
3070,10.6076145
3071,12.327555
3072,16.494194
3073,12.173771
3074,11.968238
3075,11.201977
3076,12.238863
3077,11.024065
3078,12.51803
3079,10.382103
3080,19.29805
3081,15.399432
3082,11.207094
3083,10.340091
3084,17.885622
3085,18.731262
3086,12.524887
3087,21.903254
3088,19.215643
3089,11.4242115
3090,10.649853
3091,13.201505
3092,10.127864
3093,21.366888
3094,18.74438
3095,14.917232
3096,25.724545
3097,25.553461
3098,21.380402
3099,22.161772
3100,13.062591
3101,14.346237
3102,17.78241
3103,11.075485
3104,18.344486
3105,17.9988
3106,12.9301605
3107,11.248259
3108,11.920367
3109,21.400629
3110,24.56242
3111,17.102026
3112,15.442178
3113,18.002485
3114,15.690002
3115,20.51058
3116,27.368126
3117,15.863804
3118,14.752513
3119,13.049621
3120,26.024605
3121,20.994076
3122,19.81466
3123,22.282679
3124,12.915836
3125,22.530804
3126,11.447956
3127,11.29544
3128,14.627335
3129,17.62069
3130,21.93431
3131,20.748554
3132,22.068062
3133,16.472075
3134,15.078748
3135,10.173187
3136,25.824945
3137,11.170602
3138,20.971882
3139,17.249418
3140,19.431559
3141,18.842403
3142,17.76632
3143,11.660621
3144,13.098467
3145,11.18194
3146,13.485131
3147,12.616492
3148,22.100279
3149,12.58897
3150,18.753775
3151,10.977346
3152,11.255611
3153,18.589478
3154,18.8664
3155,12.63132
3156,12.672352
3157,23.073057
3158,25.251892
3159,14.325843
3160,21.385086
3161,21.842133
3162,13.521173
3163,20.442156
3164,17.047401
3165,10.376725
3166,16.93979
3167,17.09223
3168,13.196359
3169,20.798563
3170,11.791494
3171,10.867798
3172,18.68712
3173,15.847183
3174,21.922264
3175,24.625212
3176,19.47476
3177,10.581301
3178,12.501124
3179,11.694365
3180,12.855326
3181,21.890913
3182,12.401461
3183,11.831027
3184,10.983626
3185,22.457245
3186,17.857239
3187,16.92622
3188,10.360775
3189,11.511759
3190,16.22245
3191,21.76495
3192,17.688139
3193,19.036844
3194,19.520777
3195,12.984933
3196,17.132957
3197,19.191805
3198,10.703423
3199,22.150906
3200,20.734121
3201,22.51913
3202,14.163577
3203,13.561459
3204,16.723852
3205,16.567219
3206,20.469303
3207,21.149664
3208,12.953057
3209,14.413777
3210,19.206942
3211,26.340902
3212,11.167851
3213,25.651379
3214,11.510783
3215,11.9246435
3216,11.10634
3217,10.285776
3218,21.764448
3219,15.191135
3220,18.35617
3221,12.24471
3222,17.456192
3223,21.043655
3224,18.746927
3225,18.470097
3226,11.668063
3227,18.257156
3228,13.058854
3229,11.604599
3230,10.220579
3231,24.47349
3232,19.215658
3233,11.613324
3234,14.160601
3235,15.179142
3236,19.63647
3237,20.647139
3238,18.501001
3239,15.605731
3240,11.7700405
3241,12.784631
3242,20.466927
3243,21.791523
3244,22.178314
3245,20.989428
3246,12.996111
3247,10.190548
3248,12.060196
3249,11.982431
3250,19.689156
3251,13.131574
3252,12.584584
3253,10.567156
3254,14.475418
3255,13.753837
3256,24.108358
3257,11.196253
3258,20.131824
3259,15.528844
3260,12.046728
3261,19.165922
3262,11.952166
3263,17.20039
3264,25.912601
3265,14.664385
3266,20.11327
3267,13.350868
3268,20.337704
3269,21.611479
3270,11.199119
3271,19.32393
3272,18.64682
3273,10.360723
3274,17.104847
3275,13.944962
3276,19.635561
3277,11.915116
3278,22.503275
3279,11.731637
3280,16.94724
3281,18.601242
3282,17.452236
3283,17.761852
3284,10.351021
3285,13.084541
3286,10.708139
3287,17.878145
3288,19.263577
3289,14.775972
3290,11.830852
3291,19.143505
3292,17.012663
3293,17.709686
3294,17.384743
3295,10.322473
3296,24.603107
3297,17.281988
3298,17.130322
3299,15.890466
3300,13.205972
3301,20.610598
3302,11.175788
3303,19.308693
3304,20.352118
3305,13.2354555
3306,19.071712
3307,15.968956
3308,12.167692
3309,15.300762
3310,19.180931
3311,11.966596
3312,22.657564
3313,17.561106
3314,10.762148
3315,25.843676
3316,15.681369
3317,13.1631
3318,17.736725
3319,18.781357
3320,12.984877
3321,20.886105
3322,20.656687
3323,22.012402
3324,17.030542
3325,21.901909
3326,17.755188
3327,27.944735
3328,10.655625
3329,10.781612
3330,11.560909
3331,21.970175
3332,19.881983
3333,20.17252
3334,11.113301
3335,21.484114
3336,17.557188
3337,15.575595
3338,16.094809
3339,17.287691
3340,17.58023
3341,10.715524
3342,11.570009
3343,13.297011
3344,21.918398
3345,14.764946
3346,15.556363
3347,17.764034
3348,14.824947
3349,13.264363
3350,14.976331
3351,17.02519
3352,15.665392
3353,10.347116
3354,10.283901
3355,17.25704
3356,22.11625
3357,19.137878
3358,10.312682
3359,21.58734
3360,12.20453
3361,18.40279
3362,11.928707
3363,11.613606
3364,25.629938
3365,12.325352
3366,22.010614
3367,16.909021
3368,16.837553
3369,12.471624
3370,10.329805
3371,15.248395
3372,15.604397
3373,14.549064
3374,12.252269
3375,10.52065
3376,11.999921
3377,14.713239
3378,11.915726
3379,22.34785
3380,11.841815
3381,18.52185
3382,11.876438
3383,11.621334
3384,14.802375
3385,19.572098
3386,11.281005
3387,17.566078
3388,10.184169
3389,18.535805
3390,23.306679
3391,20.801485
3392,17.452719
3393,16.495167
3394,25.275051
3395,11.29206
3396,24.093681
3397,11.5168705
3398,20.344967
3399,17.690964
3400,14.570026
3401,11.6212
3402,27.97139
3403,13.233476
3404,21.90503
3405,19.186335
3406,20.405106
3407,17.281742
3408,17.66529
3409,23.218878
3410,11.825319
3411,17.080082
3412,17.504318
3413,14.913175
3414,12.908768
3415,17.140997
3416,14.440935
3417,20.383093
3418,19.230267
3419,11.440645
3420,11.224515
3421,20.314299
3422,17.502342
3423,19.099186
3424,18.423674
3425,21.74565
3426,10.142277
3427,15.378539
3428,20.761208
3429,21.902159
3430,27.329084
3431,21.898687
3432,16.672838
3433,12.251327
3434,19.097952
3435,13.050258
3436,23.200073
3437,17.456533
3438,11.81146
3439,14.993296
3440,19.224245
3441,17.69461
3442,12.023377
3443,25.270777
3444,17.319458
3445,11.942669
3446,11.285236
3447,12.791774
3448,17.771986
3449,18.874346
3450,22.226278
3451,13.390055
3452,21.68224
3453,24.434109
3454,12.024154
3455,11.941007
3456,20.175209
3457,17.445454
3458,11.69211
3459,13.158332
3460,21.6799
3461,26.664446
3462,20.15488
3463,15.125039
3464,10.31962
3465,12.831001
3466,16.817385
3467,11.6452
3468,12.628166
3469,21.68957
3470,12.231315
3471,17.041595
3472,16.047434
3473,20.260283
3474,16.50359
3475,22.478903
3476,20.14474
3477,22.328527
3478,20.102705
3479,15.481484
3480,21.056538
3481,13.057322
3482,22.149971
3483,13.216633
3484,20.315817
3485,16.48734
3486,11.995336
3487,16.805563
3488,17.494246
3489,19.5453
3490,11.202232
3491,16.425356
3492,18.279003
3493,20.640379
3494,11.697393
3495,11.999771
3496,20.780794
3497,11.251679
3498,15.907423
3499,20.580889
3500,21.882107
3501,17.01693
3502,25.28368
3503,21.715178
3504,14.633323
3505,14.837025
3506,20.597755
3507,25.779781
3508,12.274314
3509,16.961145
3510,11.340824
3511,26.477869
3512,13.369947
3513,13.183649
3514,18.002726
3515,20.070955
3516,14.987734
3517,21.493614
3518,17.172113
3519,13.213369
3520,11.801734
3521,11.353582
3522,11.97825
3523,11.370168
3524,13.211906
3525,11.903757
3526,12.915359
3527,18.102688
3528,13.364253
3529,21.434298
3530,17.889227
3531,26.552277
3532,22.24569
3533,11.70449
3534,13.102591
3535,12.1909075
3536,16.963408
3537,10.679028
3538,15.4672785
3539,15.891186
3540,13.112973
3541,18.033121
3542,25.889341
3543,11.35273
3544,13.676774
3545,10.422891
3546,15.512935
3547,18.580606
3548,11.262623
3549,16.511877
3550,22.081137
3551,21.254414
3552,17.49858
3553,13.068073
3554,16.748814
3555,16.444492
3556,11.169724
3557,15.542763
3558,17.095308
3559,13.491161
3560,13.165845
3561,16.52002
3562,17.756298
3563,12.61344
3564,13.341769
3565,15.546036
3566,11.549262
3567,10.520441
3568,16.628862
3569,12.759456
3570,15.496708
3571,12.114776
3572,16.994087
3573,13.150515
3574,15.760639
3575,16.116226
3576,11.823805
3577,14.785733
3578,12.748824
3579,11.348239
3580,12.109346
3581,15.083352
3582,20.176973
3583,21.480654
3584,21.879097
3585,21.49436
3586,21.46527
3587,17.850718
3588,23.155771
3589,17.442696
3590,20.629017
3591,18.625048
3592,21.084612
3593,15.3496
3594,17.148048
3595,12.188623
3596,15.058992
3597,25.273073
3598,19.166311
3599,11.854502
3600,15.2622
3601,13.205642
3602,15.414133
3603,14.418927
3604,11.927269
3605,12.004112
3606,17.524935
3607,11.610395
3608,11.602524
3609,11.20519
3610,15.931372
3611,16.181599
3612,11.857277
3613,17.239826
3614,11.39064
3615,21.975754
3616,14.613596
3617,10.867198
3618,17.763243
3619,10.912508
3620,15.74429
3621,10.383564
3622,18.959862
3623,27.342234
3624,19.441317
3625,16.69388
3626,15.179392
3627,19.047876
3628,15.551943
3629,15.247722
3630,12.9822445
3631,11.133699
3632,11.6944
3633,15.246118
3634,14.153259
3635,11.815096
3636,10.237628
3637,15.42422
3638,22.275494
3639,18.677927
3640,19.334179
3641,20.741179
3642,11.67741
3643,18.469496
3644,11.821875
3645,11.516559
3646,12.560459
3647,17.579197
3648,20.596283
3649,20.165798
3650,11.46073
3651,11.419313
3652,20.639496
3653,11.923522
3654,21.880386
3655,13.02256
3656,10.731154
3657,11.250176
3658,15.528764
3659,12.281586
3660,12.370055
3661,19.30067
3662,14.95486
3663,19.503977
3664,11.408421
3665,17.269564
3666,11.169462
3667,16.82146
3668,23.428814
3669,11.933753
3670,11.826031
3671,10.828598
3672,12.220461
3673,11.546287
3674,17.804502
3675,15.472711
3676,14.7754
3677,14.558791
3678,11.168168
3679,15.20226
3680,11.594903
3681,15.053823
3682,19.23444
3683,19.80652
3684,12.407108
3685,14.39811
3686,16.905558
3687,21.652746
3688,12.245104
3689,17.242304
3690,13.996377
3691,11.798814
3692,11.509388
3693,15.862889
3694,17.209032
3695,15.958693
3696,23.138136
3697,15.549253
3698,15.704445
3699,11.481644
3700,18.717327
3701,16.692598
3702,18.733183
3703,14.355192
3704,12.785036
3705,16.978024
3706,10.3254
3707,19.273619
3708,14.709805
3709,22.514484
3710,10.855882
3711,17.209959
3712,17.166998
3713,25.73857
3714,18.919353
3715,20.709738
3716,25.601055
3717,15.404938
3718,17.738731
3719,22.29949
3720,16.465322
3721,13.200305
3722,18.874613
3723,11.456253
3724,11.870435
3725,13.134893
3726,25.703613
3727,16.097328
3728,11.649358
3729,21.905298
3730,16.58464
3731,10.636212
3732,12.10827
3733,21.737894
3734,16.1388
3735,11.606299
